{
  "conf": {
    "headers": [],
    "redirects": [],
    "rewrites": [],
    "caches": [],
    "has404": false
  },
  "has404": false,
  "nodeFunctionsRoutes": [
    {
      "routePath": "/helloworld-cloud",
      "mountPath": "/",
      "method": [
        "GET",
        "POST",
        "PUT",
        "DELETE",
        "PATCH",
        "HEAD",
        "OPTIONS"
      ],
      "module": [
        "node-functions/helloworld-cloud\\index.js:onRequest"
      ]
    }
  ],
  "edgeFunctionsRoutes": [
    {
      "routePath": "/helloworld-edge",
      "mountPath": "/",
      "method": [
        "GET",
        "POST",
        "PUT",
        "DELETE",
        "PATCH",
        "HEAD",
        "OPTIONS"
      ],
      "module": [
        "edge-functions/helloworld-edge/index.js:onRequest"
      ]
    }
  ]
}